Caption,Image Link,Eng. Rate by Followers,Date,Type
So turns out heâ€™s the savior of Christmas??...and the ultimate underconsumption hero ğŸ„âœ¨Content credit: sabrinaa_pare #grinch #saveschristmas #earth #eco #underconsumption #hero #christmas,https://imgs.socialinsider.io/instagram/2024/12/earthdaynetwork_17877350595220271.jpeg,4.50046,2024-12-24 03:07 PM,CAROUSEL_ALBUM
Thereâ€™s something about a powerful quote set against the beauty of Earthâ€™s landscapes that really hits us right in the feels. Itâ€™s the perfect reminder to take action and appreciate the world around us.We â¤ï¸ the Big Blue.â€” EARTHDAY.ORG ğŸŒ#OurPowerOurPlanet #EarthActionDay #collectiveaction Repost via ofhousesandtrees.com Author: Larissa Swayze ğŸ“¸ credits: Photo 1: â€œIf you really think the economy is more important than the environment try holding your breath whilst you count your money.â€ â€“ Dr Guy McPherson (Image Credit: Pinterest)Photo 2: â€œWhen we destroy something created by man we call it vandalism but when we destroy something by nature we call it progress.â€- Ed Begley Jr (Image Credit: Pinterest)Photo 3: â€œThe earth does not belong to man. Man belongs to the earth.â€ â€“ Chief Seattle (Image Credit: Pinterest)Photo 4: â€œI donâ€™t want to protect the environment. I want to create a world where the environment doesnâ€™t need protecting.â€ â€“ Unknown (Image Credit: Pinterest)Photo 5: â€œUNLESS someone like you cares a whole awful lot nothing is going to get better. Itâ€™s not.â€ â€“ Dr Suess (Image Credit: Pinterest),https://imgs.socialinsider.io/instagram/2025/04/earthdaynetwork_18019015538505708.jpeg,1.43846,2025-04-09 08:45 PM,CAROUSEL_ALBUM
ğŸ‘—ğŸŒ Ever wonder where your clothes go when youâ€™re done with them?Every year millions of tons of fashion waste from the Global North overwhelm countries in the Global South.Kenya alone receives over 220000 tonsâ€”much of it too damaged to wear or resell. Fast fashion isnâ€™t made to last but its impact does.â™»ï¸ Legislation is key to fixing fashionâ€™s biggest problemsâ€”stay informed with EARTHDAY.ORGâ€™s new legislation tracker (link in bio)! And follow chemiteijanet and earthdaynetwork for more content on fashion waste sustainability and more!,https://imgs.socialinsider.io/instagram/2025/02/earthdaynetwork_18058735171836333.jpeg,1.21793,2025-02-18 02:50 PM,reel
Even when the challenges feel huge taking action is one of the most powerful ways to drive change.56 years after the first Earth Day vital protections are being rolled back clean energy is stalling and profits are prioritized over people and the planet.This isnâ€™t just politicsâ€”itâ€™s about our health our future and our right to a livable world.Weâ€™ve made change before and we can do it again. Letâ€™s rise together.ğŸŒ Take actionâ€”visit the Earth Day 2025 link in bio. What are your plans for Earth Day? ğŸŒ± #EarthActionDay #OurPowerOurPlanet #earthday2025 #earthday #collectiveaction #takeaction #action,https://imgs.socialinsider.io/instagram/2025/04/earthdaynetwork_17972737034713961.jpeg,1.18117,2025-04-04 10:58 PM,CAROUSEL_ALBUM
The fashion industry especially fast fashion has operated with little oversight for decades leading to severe environmental damageâ€”from pollution to deforestation and oceanic microplastic contamination. Human rights abuses like labor exploitation and unsafe working conditions are rampant across supply chains.ğŸ‘• The average person buys 53 new pieces of clothing every yearâ€”enough to dress the next six generations. Let that sink in.Whats missing? Accountable data-driven policies to break the cycle of overconsumption.Its time for #FashionLegislationNow. Explore our new report on the laws in progressâ€”and those still neededâ€”for meaningful change in the fashion sector. Link in bioğŸ”—ğŸ”„:futureearth (ğŸ“¸ still via: Buy Now on netflix ),https://imgs.socialinsider.io/instagram/2025/01/earthdaynetwork_18053353514019129.jpeg,1.14366,2025-01-20 05:45 PM,IMAGE
Oil and gas CEOs know theyâ€™re causing disasters yet they fight clean energy spread lies and bribe politicians to keep $757 BILLION in fossil fuel subsidies. How much longer will we let this happen?ğŸ”„: sunrisemvmt #EndFossilFuelSubsidies #ActOnClimate,https://imgs.socialinsider.io/instagram/2025/01/earthdaynetwork_18102142951483328.jpeg,1.02773,2025-01-08 09:18 PM,IMAGE
When governments fall short leaders like Michael Bloomberg step up. ğŸŒ By funding the U.N. climate body (UNFCCC) after Trumpâ€™s withdrawal from the Paris Agreement Bloomberg ensures that vital climate talks and progress continue.â€œWe deeply appreciate the generous support from Bloomberg Philanthropies and the leadership shown by Mike Bloombergâ€ said Simon Stiell U.N. climate chief. Last year Bloomberg Philanthropies contributed $4.5 million to the UNFCCC supporting a core budget of 240 million euros for 2024-2025. As U.S. federal action falters Bloombergâ€™s leadership highlights the power of private philanthropy to fill the gap and keep global climate goals alive. This isnt just about fundingâ€”its about action. Cities states businesses and individuals must come together to ensure a sustainable future. ğŸ“Š ğŸ‘‰ Feeling overwhelmed? Stand up. Speak up. Show up. What will you do to protect our planet?Visit EARTHDAY.ORG today. #ClimateAction #Sustainability #Leadership #GlobalGoals #EarthDay2025 #renewableenergynow #ourpowerourplanet,https://imgs.socialinsider.io/instagram/2025/01/earthdaynetwork_17998037099586854.jpeg,1.00308,2025-01-23 09:25 PM,IMAGE
Trumpâ€™s decision to reverse the phase-out of plastic straws for paper alternatives isnâ€™t just environmentally recklessâ€”itâ€™s a direct threat to human health. ğŸŒPlastic straws contribute to the 8 million tons of plastic waste polluting our oceans each year threatening marine life and ecosystems. But the damage doesnâ€™t stop at wildlifeâ€”microplastics have made their way into our water food and even our bodies. A study in Nature Medicine found elevated concentrations of microplastics in human brains raising alarms about their potential link to neurological diseases. Research from the University of New Mexico Health Sciences reveals brain plastic levels have surged by 50% over the past 8 years with dementia patients showing up to 10 times the levels found in others. Thereâ€™s enough plastic in our brains to form a straw. As toxicologist Matthew Campen said â€œThese nanomaterials could interfere with brain connections and may even contribute to dementia.By promoting plastic straws Trump is ignoring science and prioritizing convenience over public health. The risks are real and this decision threatens future generations. At this point his brain should come with a BPA warning âš ï¸Take actionâ€”sign the Global Plastics Treaty petition through the link in our bioğŸ”—,https://imgs.socialinsider.io/instagram/2025/02/earthdaynetwork_18083995183600075.jpeg,0.66161,2025-02-11 12:54 AM,CAROUSEL_ALBUM
Rethinking invasive The way we treat nature shows what we value. This image is a reminder that our planetâ€™s future depends on our choices. Itâ€™s time to step up. Take action today and join us for Earth Day 2025. Link in bio. ğŸ”—*WE DO NOT OWN THE RIGHTS TO THIS IMAGE*,https://imgs.socialinsider.io/instagram/2025/01/earthdaynetwork_18010350950696225.jpeg,0.65764,2025-01-30 07:46 PM,IMAGE
We work year-round to protect our planetâ€”but we canâ€™t do it alone. We need your help today and every day. Take action for Earth Day 2025. Link in bio #EarthDayEveryDay #TakeAction #LoveEarth #ProtectOurPlanet #OurPowerOurPlanet #EarthActionDay #collectiveaction #earth,https://imgs.socialinsider.io/instagram/2025/04/earthdaynetwork_18070910800895213.jpeg,0.64075,2025-04-13 04:44 PM,reel
President Biden has permanently banned offshore oil and gas drilling in 625 million acres of U.S. ocean protecting Atlantic Pacific and Gulf Coast ecosystems. This decision safeguards marine life and coastal communities from the risks of drilling.While some debate the economic impact experts say it wonâ€™t affect oil production significantly but it strengthens environmental health and coastal resilience.This move proves we can protect our planet while securing a sustainable future. Letâ€™s keep pushing for cleaner safer energy! Sign the renewable energy now petition with the link in our bio ğŸ”— #RenewableEnergyNow #OurPowerOurPlanet #POTUS,https://imgs.socialinsider.io/instagram/2025/01/earthdaynetwork_18053179505290498.jpeg,0.58966,2025-01-07 09:42 PM,CAROUSEL_ALBUM
As the climate crisis worsens Big Oil is doubling downâ€”spending billions to secure fossil fuel production into the 2030s. ExxonMobil and Chevron made massive acquisitions while ignoring renewable energy investment and focusing on oil and gas.Hereâ€™s the kicker: Taxpayers are footing the billâ€”for new oil wells and the cleanup of pollution left behind. Big Oil prioritizes profits over the planet and your future.ğŸŒ¡ï¸ In 2023 Big Oil spent $113.8 billion on stock buybacks during the hottest year on record while global temperatures surpassed 1.5Â°C for the first time.This isnâ€™t just a tragedyâ€”itâ€™s a crime. Big Oil knew but chose to ignore the warnings. Now weâ€™re left with the consequences.Even if you donâ€™t believe in climate change your tax dollars are funding the cleanup.ğŸš¨ Its time for change. Join us for Earth Day 2025 and demand accountability from Big Oil and fight for renewable energy.#ClimateCrisis #BigOil #RenewableEnergy #EarthDay2025 #ClimateJustice #FossilFuelGreedSlide two: Figures from September 2023 to September 2024Source: nrdc_org â€œBig Oil Made Billions Amid the Hottest Year on Recordâ€,https://imgs.socialinsider.io/instagram/2025/01/earthdaynetwork_18097976692495104.jpeg,0.54696,2025-01-10 05:39 PM,CAROUSEL_ALBUM
Repost via 5gyres Yes itâ€™s THAT simple ğŸŒğŸï¸ğŸœï¸Just head to the Earth Day 2025 link in our bio to find resources actions and more ways you can take action for Earth Dayâ€”and every day.#OurPowerOurPlanet #EarthActionDay #EarthDay2025 #earthday #collectiveaction #peoplepower â€¢ earthlyeducation earthlyguy,https://imgs.socialinsider.io/instagram/2025/04/earthdaynetwork_18055470605326360.jpeg,0.53247,2025-04-08 09:34 PM,IMAGE
Californiaâ€™s wildfires are becoming longer more extreme and less predictableâ€”fueled by climate change and the burning of fossil fuels. The connection is clear: rising global temperatures are intensifying fire weather conditions leaving communities vulnerable.Our hearts are with the L.A. community where over 3000 acres have been devastated by wildfires driven by rare winds and extreme dryness. Thousands have been forced to evacuate and heroic firefighters are risking everything to protect lives and homes.Climate change isnâ€™t just a distant problemâ€”itâ€™s a series of disasters coming closer to all of us. Letâ€™s work together to end reliance on fossil fuels and fight for a safer more sustainable future.ğŸ’” Want to take action today? Sign our Renewable Energy Now petition with the link in our bio.ğŸ¥ Video by: weatherchannel #ClimateChange #Wildfires #RenewableEnergy #ActOnClimate #LAFires #ClimateAction #fossilfuels,https://imgs.socialinsider.io/instagram/2025/01/earthdaynetwork_18082865620510421.jpeg,0.49348,2025-01-08 07:19 PM,reel
Our impact. Our action. Our planet. Our power.We canâ€™t purchase a new planet â€” but we can protect the one we share.When we act together we create real change. ğŸŒ Help us continue the fight for a cleaner safer future.Consider donating to EARTHDAY.ORG â€” link in bio.#OurPowerOurPlanet #EarthActionDay #EarthDay #EarthDay2025,https://imgs.socialinsider.io/instagram/2025/04/earthdaynetwork_18038160770261656.jpeg,0.4679,2025-04-16 10:02 PM,CAROUSEL_ALBUM
Every year on April 22 we celebrate Earth Day the birth of the modern environmental movement in 1970. ğŸŒ What began as a call to action against pollution has grown into a global force for a healthier planet. Inspired by Rachel Carsonâ€™s Silent Spring the first #EarthDay ignited a movementâ€”mobilizing millions to demand environmental protections.And we are the organization behind it all. We are Earth Day. Over 50 years later the fight continues. Be part of the movementâ€”take action today with the Earth Day 2025 link in our bio ğŸ’š #OurPowerOurPlanet #EarthActionDay #earthday2025,https://imgs.socialinsider.io/instagram/2025/03/earthdaynetwork_17845845327414760.jpeg,0.42717,2025-03-11 08:25 PM,reel
A highway through the Amazon for a climate summit? ğŸš¨ Tens of thousands of acres of protected rainforest are being cleared to build a four-lane road for COP30 in BelÃ©m Brazil. While the government calls it a sustainable highwayconservationists say it contradicts the very mission of the summit and environmental work.Thoughts? ğŸ’¢ #COP30 #AmazonRainforest #Deforestation #ClimateCrisis #EarthActionDay #OurPowerOurPlanet #EarthDay2025,https://imgs.socialinsider.io/instagram/2025/03/earthdaynetwork_18075469765692382.jpeg,0.42584,2025-03-12 09:27 PM,CAROUSEL_ALBUM
EARTHDAY.ORG pays tribute to the extraordinary life of President Jimmy Carter who will be laid to rest on January 9 2025. Carterâ€™s lifelong commitment to peace and his visionary leadership on renewable energy leave a lasting impact.â€œHis early advocacy for solar energy resonates deeply with our missionâ€ says Kathleen Rogers President of EARTHDAY.ORG noting its alignment with the 2025 Earth Day theme Our Power Our Planet.Amid the 1970s energy crisis Carter boldly championed renewables aiming for 20% of U.S. energy from renewable sources by 2000. â€œIf heâ€™d had a second term our climate and prosperity would look very different todayâ€ recalls Denis Hayes Earth Dayâ€™s first organizer.We honor his vision for a cleaner future and extend condolences to his family. May his legacy continue to inspire.#jimmycarter #renewableenergy #earthday #climateaction #ourpowerourplanet,https://imgs.socialinsider.io/instagram/2025/01/earthdaynetwork_18482277310038396.jpeg,0.41854,2025-01-09 12:41 PM,CAROUSEL_ALBUM
56 years of #EarthDay. Our planet at a tipping point.While leaders roll back protections and fuel the #climatecrisis we know where real power liesâ€”with us. Our Power Our Planet isnâ€™t just about renewable energyâ€”itâ€™s about people power.This Earth Day take action. Educate advocate and mobilizeâ€”because the fight for a livable planet starts with collective action.ğŸŒ Join the movement. Link in bio.#EarthActionDay #OurPowerOurPlanet #EarthDay55 #EarthDay2025Inspo via: cleanairmoms,https://imgs.socialinsider.io/instagram/2025/03/earthdaynetwork_17903068662156126.jpeg,0.4073,2025-03-18 08:16 PM,CAROUSEL_ALBUM
This Earth Day every actionâ€”big or smallâ€”helps power a movement for change. ğŸŒThrough our 2025 theme Our Power Our Planet weâ€™re driving collective action to protect our Earth with #EarthActionDay. Whether youre joining initiatives on EARTHDAY.ORG or creating your own you have the power to make an impact. Be part of the digital wave of changeâ€”take action today! Learn more at the Earth Day 2025 link in our bio. ğŸ”— #PowerOurPlanet #TakeAction,https://imgs.socialinsider.io/instagram/2025/03/earthdaynetwork_18000054317751980.jpeg,0.40631,2025-03-12 06:52 PM,CAROUSEL_ALBUM
ğŸŒğŸ’¡ OUR POWER OUR PLANET ğŸ’¡ğŸŒThis #EarthDay2025 weâ€™re coming together to demand a cleaner safer future for everyone. The time to act is NOWâ€”because when people take action we create real power!âš¡ Join us for Earth Day and make an impact:âœ… Pledge an Earth Action on social mediaâœ… Attend plan or register a local eventâœ… Educate & advocateâ€”integrate Earth Day lessons into your school or communityâœ… And much more! Take action on April 22nd and beyond!Earth Day 2025 link in our bio ğŸ”— #OurPowerOurPlanet #EarthActionDay #EarthDay2025,https://imgs.socialinsider.io/instagram/2025/04/earthdaynetwork_18039286868217880.jpeg,0.39538,2025-04-03 06:49 PM,CAROUSEL_ALBUM
ğŸ§ª Your body is absorbing more plastic than you think. Microplasticsâ€”tiny particles shedding from packaging clothing and moreâ€”are everywhere: in our air water and even our food. Research is uncovering alarming links between these plastics and serious health risks from respiratory issues to neurodegenerative diseases like Alzheimerâ€™s.Just how deep does the plastic problem go? Learn how microplastics impact different parts of the body and what you can do about it with the news and stories link in our bioğŸ”—,https://imgs.socialinsider.io/instagram/2025/02/earthdaynetwork_17882775078236577.jpeg,0.36756,2025-02-19 06:27 PM,IMAGE
The time for action is NOW.Stand up.Take charge.Make a difference.Together we can reduce waste restore forests and protect our planet.ğŸŒ Join the Worlds Largest Environmental Movement! Sign up for updates and actions to make #EarthDay2025 unforgettable. ğŸ‘‰Email sign up link in our bioğŸ”— #earthday #movement #peoplepower #takeaction #green #climatechange #impact,https://imgs.socialinsider.io/instagram/2024/12/earthdaynetwork_18040515770201534.jpeg,0.34761,2024-12-23 03:02 PM,CAROUSEL_ALBUM
BREAKING: New York Governor Kathy Hochul faces MAGA backlash after signing a historic law holding fossil fuel companies accountable for climate damages.The new legislation requires major pollutersâ€”those responsible for the majority of emissions between 2000 and 2018â€”to pay roughly $3 billion annually for the next 25 years to fund climate recovery efforts.State Senator Liz Krueger a lead sponsor of the bill called it a â€œshot heard â€˜round the world.â€â€œFor years courts dismissed climate lawsuits against Big Oil saying lawmakers should decide. Now the New York State Legislatureâ€”the worldâ€™s 10th largest economyâ€”has acted. Weâ€™ve made it clear: those most responsible for the climate crisis must help clean up the damageâ€ Krueger said.New York now joins Vermont as the second state to enact such legislation. With New Yorkâ€™s influence this decision could have ripple effects far beyond the state.Local and state action matters. The fight for our future is far from over.Take action now with the Earth Day 2025 link in our bioğŸ”— #positivenews #eco #earthday #earthday2025 #ourpowerourplanet,https://imgs.socialinsider.io/instagram/2025/02/earthdaynetwork_18262787812262081.jpeg,0.3318,2025-02-04 05:03 PM,IMAGE
Happy (almost) #ValentinesDay Earth lovers! ğŸ’šğŸŒSpread love to our planet its creatures and everything in betweenâ€”today and every day! ğŸ˜ğŸ¬ğŸ¦œğŸŒğŸ¢ğŸŒ¿ğŸ’–ğŸğŸŒğŸ§ğŸ’šğŸ¦‹ğŸ’—,https://imgs.socialinsider.io/instagram/2025/02/earthdaynetwork_17898521397149058.jpeg,0.31789,2025-02-13 05:23 PM,CAROUSEL_ALBUM
Now Live ğŸŒğŸŒ Link in bio For the 55th anniversary of Earth Day beloved Mojave Desert artist Lorien Stern brings her joyful nature-inspired world to the Earth Day Store in an exclusive collab. This limited-edition collectionâ€”made with 100% organic materialsâ€”is full of sun-soaked colors playful graphics and deep love for the planet.âœ¨ Proceeds support EARTHDAY.ORGâ€™s year-round work for the Earth.Wear it for Earth Dayâ€”or any day you want to honor life on Earth. Only at earthday.store ğŸ’š#EarthDay2025 #WearYourValues #EarthDay55 #OurPowerOurPlanet #EarthActionDay,https://imgs.socialinsider.io/instagram/2025/04/earthdaynetwork_17867986632261807.jpeg,0.31293,2025-04-03 02:35 PM,CAROUSEL_ALBUM
ğŸ¥µ ğŸŒ¡ï¸ This fall has been the hottest on record underscoring the urgent need to address climate change driven by fossil fuel emissions. Transitioning to renewable energy is crucial expanding renewable capacity could avoid about 7 billion tonnes of COâ‚‚ emissions between 2023 and 2030. source: IEAJoin us in advocating for a sustainable future by supporting the Renewable Energy Petition. Sign now through the link in EARTHDAY.ORGâ€™s bio ğŸ”—#ClimateAction #RenewableEnergy #ActNow,https://imgs.socialinsider.io/instagram/2024/12/earthdaynetwork_18025416290308188.jpeg,0.3057,2024-12-20 02:29 PM,CAROUSEL_ALBUM
ğŸŒ This Earth Day every action counts. Big or small everything youre already doing can make a difference.#EarthDay2025 = Earth Action Dayâ€”a call to harness people power and take meaningful steps for the planet. ğŸ’ªOur Power Our Planet isnâ€™t just about renewable energy itâ€™s about our collective strength as a global community to drive change. Whether its activism sustainable choices or clean energy advocacy we need everyone.Join the movement. Take action today. ğŸ”— Link in bio.#OurPowerOurPlanet #EarthActionDay #EarthDay2025 #EarthDay,https://imgs.socialinsider.io/instagram/2025/03/earthdaynetwork_18024561827425392.jpeg,0.26524,2025-03-19 03:15 PM,CAROUSEL_ALBUM
56 years after the first Earth Day our leaders are gutting protections crushing renewables and fueling the climate crisisâ€”all for profit.This isnâ€™t just policy It is personalâ€”itâ€™s a direct attack on our right to breathe clean air drink safe water and live free from plastic and fossil fuel pollution.We wonâ€™t stand by. Weâ€™ve fought before and we won. Now we rise again.ğŸŒ Take action todayâ€”visit the Earth Day 2025 link in our bio. #EarthActionDay,https://imgs.socialinsider.io/instagram/2025/02/earthdaynetwork_18019618250673869.jpeg,0.26524,2025-02-27 12:07 AM,reel
Climate change isnâ€™t some distant threatâ€”itâ€™s hitting home hard.  Since 2018 over 1.9M home insurance contracts have been dropped as wildfires hurricanes and other climate disasters make areas too risky for insurers.ï¿½The U.S. now faces 4x more billion-dollar disasters than 40 years ago. In 2023 alone weather-related damages exceeded $100B.ğŸ“‰ The Ripple Effects:â€¢No insurance = no mortgage locking young people out of homeownership.â€¢Dropped policies are spreading nationwideâ€”from Florida to California and Hawaii.â€¢Property values plummet slashing funding for schools police and essential services.ğŸ’° The Cost of Inaction:ï¿½State-run high-risk pools offer limited coverage at exorbitant premiums. Experts warn this crisis could spark an economic collapse.Insurers are sounding the alarmâ€”will we listen?PS: The NY Times map doubles as both a nonrenewable energy rate map and a climate disaster mapâ€¦ ğŸ‘€ğŸ“£ Take action today to safeguard your home and community! Join the Earth Day 2025 campaign to help triple renewable energy generation by 2030. Link in bioğŸ”— Source: The New York Times - Insurers Are Deserting Homeowners as Climate Shocks Worsen,https://imgs.socialinsider.io/instagram/2025/01/earthdaynetwork_18159718072327491.jpeg,0.26278,2025-01-15 02:15 PM,CAROUSEL_ALBUM
They have known all alongâ€”The processed food filling our shelves is packed with toxic chemicals that are making us sick.A new Consumer Reports study tested everyday foods and found nearly all contained bisphenols and phthalatesâ€”harmful chemicals linked to serious health risks.The biggest culprits?ğŸ” Fast food (McDonaldâ€™s Wendyâ€™s Burger King Chipotle)ğŸ¼ Baby formula & food (Similac Gerber Beech-Nut)ğŸ Kidsâ€™ favorites (Juicy Juice Cheerios Annieâ€™s Chef Boyardee + more)ğŸŸ Seafood (Chicken of the Sea even salmonâ€”thanks to plastic pollution)These chemicals donâ€™t just affect usâ€”they impact developing babies before birth contributing to infertility birth defects and premature birth.And the damage doesnâ€™t stop there.Children are being exposed to chemicals linked to cancer obesity diabetes and neurological disordersâ€”through foods marketed directly to them. These toxins donâ€™t just pass through our systemâ€”they accumulate in our brains.New research shows microplastics are now found in human brain tissueâ€”with dementia patients showing even higher levels. At the same time dementia rates are projected to double by 2060.This is not normal. This is not safe.Plastics donâ€™t belong in our food our bodies or our brains.Read the Babies vs. Plastics reportâ€”link in bio.,https://imgs.socialinsider.io/instagram/2025/03/earthdaynetwork_18071445025838215.jpeg,0.23743,2025-03-03 06:43 PM,CAROUSEL_ALBUM
The European Commission has just banned Bisphenol A (BPA) in food contact materials like can coatings and plastic bottles. This bold step aligns with the latest scientific findings aiming to protect public health by reducing exposure to harmful chemicals. BPA disrupts the endocrine system posing significant health risks and the EU will phase it out over the next 18 months. ğŸ”¬Meanwhile the US has recently shifted its stance on the global plastics treaty. While the Biden administration initially supported limits on plastic production theyâ€™ve now backed away from mandatory caps favoring a more flexible approach with voluntary national targets. This shift has sparked concern among environmental advocates who fear it could weaken efforts to tackle plastic pollution on a global scale. ğŸŒThe EU is leading the charge on both plastic pollution and chemical safetyâ€”its time the US follows suit and takes stronger action for both our health and the planet! How do you feel about the US stepping back from strong plastic production limits?#BPAFree #PlasticsPollution #EULeadership #PlasticTreaty #Environment #USPolicy #ProtectOurHealth,https://imgs.socialinsider.io/instagram/2025/02/earthdaynetwork_18482937103057759.jpeg,0.23643,2025-02-07 11:21 AM,CAROUSEL_ALBUM
We are honored to unveil the official Earth Day 2025 poster by acclaimed artist alexisrockman Rockman. His stunning artwork created for our 55th anniversary powerfully connects nature and renewable energy. Featuring a solar panel amidst lush greenery and a clear sky it reminds us of the urgent need to protect our planet and embrace a sustainable future.Rockmanâ€™s design reflects the 2025 theme Our Power Our Planet and serves as a call to action for us all. Let this poster inspire you to take action for a cleaner brighter world.The poster is available for purchase in high resolution â€“ find the link in our bio.#earthday #EarthActionDay #OurPowerOurPlanet #artforearth,https://imgs.socialinsider.io/instagram/2025/03/earthdaynetwork_17943251198971647.jpeg,0.22153,2025-03-06 05:30 PM,reel
Nothing exists in isolation on Earth. Every action has a reaction and every element contributes to the bigger picture. Itâ€™s a reminder of how interdependent all life is and how important it is to protect and respect every piece of the planets puzzle.Act this Earth Day 2025â€”because every action matters.ğŸ”— Link in bio to get involved. #OurPowerOurPlanet #EarthActionDay #collectiveaction #peoplepower #earth #earthday2025 #earthday,https://imgs.socialinsider.io/instagram/2025/04/earthdaynetwork_17888800983125996.jpeg,0.21954,2025-04-10 04:50 PM,CAROUSEL_ALBUM
ğŸš¨ Misinformation alert! ğŸš¨ Critics of renewable energy are using AI to manipulate narratives like this AI-generated image of a dead whale near wind turbines aiming to falsely link wind energy to whale deaths. ğŸ‹âš¡ Donâ€™t be fooled by these fear-mongering tactics (lies!) ! These myths are just one of many attempts to disrupt the clean energy transition. What is the most common renewable energy myth youâ€™ve heard of? ğŸ”— Read more in the link in our bio! #RenewableEnergy #WindPower #ClimateAction #MythBusting #AIandMisinformation,https://scontent-fra3-1.cdninstagram.com/v/t51.75761-15/485879599_18497144815043724_5346155146111206317_n.jpg?stp=dst-jpg_e35_tt6&_nc_cat=108&ccb=1-7&_nc_sid=18de74&_nc_ohc=AgdRFWq3d10Q7kNvwEobzjw&_nc_oc=AdkSNSqIH_uCNwPRnwuOBgpXwiuStMYFypT_oCDgtpf9plXIYuIaw_elKHWSxO3Cros&_nc_zt=23&_nc_ht=scontent-fra3-1.cdninstagram.com&edm=AL-3X8kEAAAA&_nc_gid=USzLRVLt8Z5FXiBT5LiLFA&oh=00_AfE6nZwzZ0YB-xRiPsliPnp0-qzTuMqcuHNWDaiVMzdXeA&oe=68074E1A,0.21557,2025-03-24 07:40 PM,CAROUSEL_ALBUM
ğŸš¨ Just 36 fossil fuel companies are responsible for half of global CO2 emissions. ğŸš¨These corporationsâ€”like ExxonMobil Shell and Saudi Aramcoâ€”continue to fuel the climate crisis while raking in profits. Meanwhile communities face rising costs extreme weather and growing instability.The science is clear: we canâ€™t afford more #fossilfuel expansion. Itâ€™s time to hold these companies accountable and demand a shift to clean energy.Join the movement. Sign the Our Power Our Planet petition today. ğŸ”— Link in bio.#EarthActionDay #OurPowerOurPlanet #RenewableEnergyNow #EarthDay2025 #ClimateJustice,https://imgs.socialinsider.io/instagram/2025/03/earthdaynetwork_18078874015711254.jpeg,0.18676,2025-03-17 01:00 PM,CAROUSEL_ALBUM
One week to goâ€¦ how will you take action for our planet?Tell us in the comments ğŸ‘‡ #OurPowerOurPlanet #EarthActionDay #EarthDay2025 #Earth,https://imgs.socialinsider.io/instagram/2025/04/earthdaynetwork_18000820997762731.jpeg,0.17087,2025-04-15 06:47 PM,IMAGE
History doesnâ€™t have to repeat itself. ğŸŒ The 1969 Santa Barbara oil spill devastated marine life coastal communities and local economies sparking the first Earth Day in 1970. Now over 50 years laterâ€”and just 100 days until Earth Day 2025â€”we face a similar urgent call to action.From wildfires and hurricanes to rising seas climate disasters are escalating. Yet plans like the Sable pipeline threaten to undo progress and steer us further from climate goals.Earth Day 2025â€™s theme Our Planet Our Power is a rallying cry to triple renewable energy by 2030. Clean energy is the way forwardâ€”for our planet communities and future generations.â¡ï¸ Donâ€™t wait. Join the Earth Day 2025 campaign and sign the renewable energy petition todayâ€”link in bio. Letâ€™s take bold action to create the future we deserve.#EarthDay2025 #100DaysToEarthDay #OurPlanetOurPower #RenewableEnergyNow#InvestInOurPlanet #TripleRenewablesBy2030 #CleanEnergyFutureSource: Washington Post ğŸ—ï¸,https://imgs.socialinsider.io/instagram/2025/01/earthdaynetwork_17954401091901231.jpeg,0.15833,2025-01-13 10:40 PM,CAROUSEL_ALBUM
ğŸš¨ Fossil fuel pollution is fueling cancer risk across the U.S.ğŸ”¬ The oil & gas industry emits hazardous air pollutants like benzene formaldehyde and acetaldehydeâ€”all known carcinogens.ğŸ“ˆ Cancer risk from oil & gas pollution has increased 55% since 2017 due to industry expansion.âš ï¸ 236 counties exceed the EPAâ€™s cancer risk threshold from air pollution.ğŸ“ Texas: 2.6 million people across 62 counties exposed to toxic emissions.ğŸ“ Pennsylvania: 3.3 million people across 26 counties face elevated cancer risk.ğŸ“ West Virginia: 28 counties with 690000+ residents exceeding EPAâ€™s cancer risk threshold.ğŸ“ North Dakota: Some counties face cancer risk 4X above EPAâ€™s level of concern.Methaneâ€”80x more potent than COâ‚‚â€”is leaking alongside these pollutants accelerating climate change. We have solutions but we need action.Sign the Renewable Energy Petition todayâ€”link in bio. ğŸŒ #ActOnClimate #WorldCancerDay #RenewableEnergyNow #OurPowerOurPlanet,https://imgs.socialinsider.io/instagram/2025/02/earthdaynetwork_18057888541952175.jpeg,151.0,2025-02-06 07:46 PM,CAROUSEL_ALBUM
ğŸŒ A new poll reveals that over half of Americans are concerned about climate and energy rollbacks with younger generations showing strong support for clean energy and environmental protections. Many see these changes as impacting jobs public health and the future of clean energy leadership. What role do you think clean energy should play in our future?ğŸ’¡ Share your thoughts below! â¬‡ï¸Get the full report on ecoAmerica.com ğŸ“Š#EarthDay2025 #OurPowerOurPlanet #EarthActionDay,https://imgs.socialinsider.io/instagram/2025/03/earthdaynetwork_17904060444028898.jpeg,0.14703,2025-03-14 05:42 PM,CAROUSEL_ALBUM
Environmental justice must be at the center of the clean energy transition. Many communitiesâ€”especially those long reliant on coal oil and gasâ€”are already burdened by pollution poor health and economic instability. Nearly 64 million people live in these areas with 45% designated as disadvantaged due to excessive pollution and limited resources.Fossil fuel facilities have left lasting health impacts from heart disease to asthma. A just transition means prioritizing these communitiesâ€”not just for economic support but for the clean air and water theyâ€™ve long been denied.Take action now: Sign the renewable energy petition and join us for Earth Day 2025 to fight for a cleaner more equitable future.#blackhistorymonth #advocacy #diversity #environmentalhealth #health #toxic,https://imgs.socialinsider.io/instagram/2025/02/earthdaynetwork_18285179032220380.jpeg,0.13908,2025-02-03 10:21 PM,CAROUSEL_ALBUM
ğŸŒ Feeling the climate anxiety creep in? Check out our Earth Day Educator Book Hub for resources on climate anxiety at all levels via the Climate Education link in our bio. Want to learn more? Join us live on February 22 at 12 PM Eastern on X Facebook LinkedIn YouTube and Twitch for an insightful conversation with mental health advocate and Special Education Specialist denise.cesare  as she explores emotional well-being and climate education.Sheâ€™ll discuss how storytelling resilience and self-care can help students navigate the emotional toll of the climate crisis while staying empowered and engaged. Gain insights on holistic healing green muscle memory and more!#ClimateEducation #MentalHealthMatters #EarthDay,https://imgs.socialinsider.io/instagram/2025/02/earthdaynetwork_18058672793316636.jpeg,0.12219,2025-02-21 08:20 PM,CAROUSEL_ALBUM
Did you know that producing just one liter of bottled water in the U.S. consumes more than half a liter of oil? ğŸ›¢ï¸ğŸ’§In 2006 producing plastic for bottled water in the U.S. consumed approximately 17 million barrels of oilâ€”enough energy to fuel over 1 million cars for a year. ğŸš—ğŸ’¨ (Source: Pacific Institute)Since then the bottled water industry has grown significantly. From 2010 to 2020 market consumption increased by 73% with consumption projected to rise from 350 billion liters in 2021 to 460 billion liters by 2025. With this increase energy consumption for bottled water production has likely surged as well.The real cost of convenience is higher than you think. Join the movement to #EndPlastics todayâ€”click the link in our bio to take action!,https://imgs.socialinsider.io/instagram/2025/01/earthdaynetwork_17954888225906285.jpeg,0.1212,2025-01-31 06:57 PM,IMAGE
These are the Faces of Changeâ€”driving our Canopy Project forward planting seeds of hope and resilience worldwide.Since 2010 weve planted tens of millions of trees in biodiversity-critical areas strengthening communities against climate change. Beyond reforestation we provide sustainable income nutrition agricultural training and flood protection.A lot of growth happens quietlyâ€”through the people you support when donating to The Canopy Project. Your donation goes beyond environmental actionâ€”it empowers lasting change on the ground. Together we can protect our planet and its communities for generations. ğŸŒ³ ğŸ› ğŸ¦ ğŸ’ ğŸ» ğŸ¦‹ ğŸ˜ ğŸŒ± ğŸ„ ğŸŒº ğŸŒ¿ ğŸŒ¸ ğŸƒ Donate today with the link in our bioğŸ”— Photo one and two: ğŸ“Ambatobe Antananarivo MadagascarPhoto three:ğŸ“The Sundarbans IndiaPhoto four :ğŸ“Sierra Gorda Biosphere Reserve MexicoPhoto five:ğŸ“Uganda AfricaPhoto six:ğŸ“Bangladesh,https://imgs.socialinsider.io/instagram/2024/12/earthdaynetwork_18032252189190623.jpeg,0.11977,2024-12-30 06:08 PM,CAROUSEL_ALBUM
The Clean Energy Revolution Is Hereâ€”And Itâ€™s Moving FastFor decades the Hanford Nuclear Reservation in Washington State was one of the most contaminated sites in the U.S. a relic of the nationâ€™s nuclear weapons program. Now itâ€™s set to become the countryâ€™s largest solar farmâ€”a powerful symbol of how the clean energy transition is not just possible but already happening.With 3.45 million solar panels planned this massive project will generate up to 2000 megawatts of electricityâ€”enough to power Seattle San Francisco and Denver combined. It will also include large-scale battery storage doubling its impact and making it a key player in the shift toward a reliable renewable energy grid.The best part? This isnâ€™t just about energyâ€”itâ€™s about jobs innovation and economic opportunity. The project will create thousands of jobs attract clean tech investments and prove that repurposing land for renewables is a scalable forward-thinking solution.While political uncertainty looms over clean energy policy the reality is clear: Renewables have already left the station. The demand for clean power is skyrocketing driven by technological advancements and public pressure for a sustainable future. Major companies entire cities and even historically contaminated sites are embracing the shiftâ€”because the future is renewable and itâ€™s happening now.The world is at a tipping point. This Earth Day letâ€™s harness Our Power Our Planet and push even harder for a clean energy future.Earth day 2025 link in our bio ğŸ”— #OurPowerOurPlanet #RenewableEnergyNow #EarthActionDay #EarthDay2025 #EarthDay55 #positivenews #solar #renewables,https://imgs.socialinsider.io/instagram/2025/03/earthdaynetwork_18006851660726016.jpeg,0.11722,2025-03-21 03:19 PM,CAROUSEL_ALBUM
Did you know that universities in the U.S. U.K. Canada and Australia are among the largest recipients of fossil fuel industry funding potentially shaping the future of climate science?ğŸ”¹ ExxonMobil execs sit on Northeasternâ€™s Board.ï¿½ğŸ”¹ BP funds Princetonâ€™s Climate Mitigation Initiative.ï¿½ğŸ”¹ Shell sponsors field trips at the University of Alberta.These ties go beyond fundingâ€”they influence research delay action and shape sustainabilityâ€™s future. What are your thoughts on this? ğŸŒWe envision a world where every student no matter where they are receives a rich education in climate and environmental scienceâ€”paired with civic engagement that drives real change. Explore our 2025 resources advocacy packets and toolkits and much more. Climate Education link in our bio.ğŸ”—,https://imgs.socialinsider.io/instagram/2025/01/earthdaynetwork_18028065977322459.jpeg,0.1083,2025-01-29 04:58 PM,CAROUSEL_ALBUM
ğŸŒ Climate change is costing the world $16 million per hour with damages expected to reach up to $3.1 trillion annually by 2050. These costs are tied to extreme weather events like hurricanes floods and heatwavesâ€”and the impacts are hitting the poorest countries the hardest. ğŸŒªï¸ğŸ”¥Itâ€™s time to take action. Join us in pushing for renewable energy solutions to help fight the climate crisis and reduce these devastating costs. ğŸŒ±Sign the Renewable Energy Now Petition! Link in bio to take action.#RenewableEnergyNow #EarthActionDay #EarthDay2025 #OurPowerOurPlanet #ClimateChange #ClimateAction #RenewableEnergy #ClimateCrisis  #ActNow #SustainableFuture,https://imgs.socialinsider.io/instagram/2025/03/earthdaynetwork_17923278702026063.jpeg,0.10332,2025-03-26 07:13 PM,reel
Weâ€™re excited to announce antoniquesmith as the official ambassador for #EarthActionDay 2025! ğŸŒJoin us and her in taking action for a cleaner planet this Earth Dayâ€”every effort makes a difference. Learn more through the Earth Day 2025 link in our bio.#EarthDay55 #ClimateAction #OurPowerOurPlanet,https://imgs.socialinsider.io/instagram/2025/03/earthdaynetwork_18080269075632202.jpeg,0.10133,2025-03-07 08:45 PM,IMAGE
The U.S. is bringing back plastic strawsâ€¦ because who doesnâ€™t love a microplastic milkshake?ğŸ¥¤ğŸ™ƒPlastic pollution is harming our healthâ€”linked to infertility miscarriages and more. We need policies that protect our kids not ones that put convenience over their future.Take action! Sign the Global Plastics Treaty petition nowâ€”link in bio. ğŸš¨ #EndPlastics #OurPowerOurPlanet #EarthActionDay #EarthDay2025,https://imgs.socialinsider.io/instagram/2025/03/earthdaynetwork_18065391223743770.jpeg,0.09139,2025-03-13 04:30 PM,CAROUSEL_ALBUM
From the moment a child is born the effects of climate change begin to shape their future. By the time they take their first breath 9 billion more tons of carbon pollution will fill the air. As they take their first steps wildfires will have already burned millions of acres they could have explored.This is a call to action. We have the tools to change the course: transitioning to renewable energy banning plastics and advocating for stronger climate policies. The future is still within our control if we act now. Visit earthday.org to take action this #earthdayCredit: Bravo science_moms & potentialenergycoalition #EarthActionDay  #ActOnClimate #RenewableEnergy #PlasticFree #ClimateAction,https://imgs.socialinsider.io/instagram/2025/02/earthdaynetwork_17975411075822291.jpeg,0.08982,2025-02-11 06:15 PM,reel
Did you know extreme heat is a global health crisis? Or that solar and wind energy are transforming communities worldwide?Join 22 Minutes where big ideas meet fast-paced conversations. Starting tomorrow EARTHDAYâ€.ORG brings you 5 episodes featuring experts tackling climate challenges and solutions.ğŸ’¡ Hereâ€™s the lineup:ğŸ“… Jan 20: Health & heatwaves w/ Dr. Mary Rice (Harvard)ğŸ“… Jan 21: Clean energy boom w/ Francesco La Camera (IRENA)ğŸ“… Jan 22: UKâ€™s green energy vision w/ Mungo WoodifieldğŸ“… Jan 23: Renewable breakthroughs w/ Mark Jacobson & Saul GriffithğŸ“… Jan 24: Solarâ€™s impact w/ Abigail Ross Hopper (SEIA)RSVP now for reminders with the link in our bioğŸ”—,https://imgs.socialinsider.io/instagram/2025/01/earthdaynetwork_17988791243619513.jpeg,0.08459,2025-01-19 02:27 PM,CAROUSEL_ALBUM
ecoathletesteam & EARTHDAY.ORG are teaming up to harness Our Power for Our Planet for the Collegiate Cup 2025! From the field to the future athletes are stepping up for clean energy and climate action. Join us for #EarthActionday and beyondâ€”because every move we make matters! #OurPowerOurPlanet #EcoAthletes #EarthDay2025 #EarthActionDay,https://imgs.socialinsider.io/instagram/2025/03/earthdaynetwork_18042206750156135.jpeg,0.06954,2025-03-25 06:57 PM,IMAGE
EARTHDAY.ORG is proud to support organizers like youâ€”because real change starts with those who take action.â€œNever doubt that a small group of thoughtful committed citizens can change the world. Indeed it is the only thing that ever has.â€ â€” Margaret MeadNavigate the Earth Day 2025 Network Global Event Map to effortlessly discover nearby initiativesâ€”simply input your location and explore a world of impactful opportunities. Letâ€™s make this Earth Day the most impactful one yet!Register you Earth Day events link in our bioğŸ”— #OurPowerOurPlanet #earthday2025 #EarthActionDay #collectiveaction,https://imgs.socialinsider.io/instagram/2025/04/earthdaynetwork_18174039913323885.jpeg,0.00993,2025-04-11 05:52 PM,CAROUSEL_ALBUM
Every actionâ€”big or smallâ€”matters in the fight for a cleaner greener future. ğŸŒ While governments and businesses must lead one-third of the emissions cuts needed by 2040 come down to choices we make in our daily lives. From the way we power our homes to the way we travel we all have a role to play.The good news? Taking action isnâ€™t just good for the planetâ€”itâ€™s good for our health our wallets and our future.Be a part of the movement. Sign the renewable energy petition now (link in bio) and demand bold action for a just clean energy transition. Letâ€™s build a better worldâ€”together! ğŸ’š #earthday2025 #earthday #OurPowerOurPlanet #EarthActionDay #RenewableEnergyNow #collectiveaction,https://imgs.socialinsider.io/instagram/2025/04/earthdaynetwork_18060743210013924.jpeg,0.00795,2025-04-05 09:59 PM,CAROUSEL_ALBUM
This Earth Day season communities around the world are rising up to clean and protect our planet. The Great Global Cleanup isnâ€™t just a campaign â€” itâ€™s a call to action. From city streets to remote villages people are stepping up where it matters most.Explore real stories of change in underserved communitiesğŸ”— Link in bio to learn more get involved and support the movement.P.S. Looking for more events like this?Explore our Earth Day Events Map on the Earth Day 2025 page to find actions near you! ğŸŒ ğŸŒ ğŸŒ #OurPowerOurPlanet #EarthActionDay #earthday2025,https://imgs.socialinsider.io/instagram/2025/04/earthdaynetwork_18068239636934886.jpeg,0.00795,2025-04-17 01:35 AM,CAROUSEL_ALBUM
Canâ€™t make it in person? Stream it live! ğŸŒğŸ’»From climate change to clean energy sustainable fashion to environmental justiceâ€”tune in for powerful conversations with activists scientists and leaders driving real change.#EarthActionDay #OurPowerOurPlanet #earthday2025 #earth,https://imgs.socialinsider.io/instagram/2025/04/earthdaynetwork_17937446732889062.jpeg,0.00298,2025-04-14 11:33 PM,CAROUSEL_ALBUM
The Earth Day Campus Coalition is fired up and taking action ğŸŒFrom campuses across the U.S. to every corner of the globe students are stepping up for Earth Action Day. #EarthActionDay #CampusForThePlanet #EarthDay2025 #OurPowerOurPlanet,https://imgs.socialinsider.io/instagram/2025/04/earthdaynetwork_17876616156300141.jpeg,0.0,2025-04-17 09:51 PM,CAROUSEL_ALBUM
